{"cameraMode":{"drawMode":0,"name":"Shaded","section":"Shading Mode"},"sceneLighting":true,"audioPlay":false,"sceneViewState":{"showFog":true,"showMaterialUpdate":false,"showSkybox":true,"showFlares":true,"showImageEffects":true,"showParticleSystems":true},"in2DMode":false,"pivot":{"x":1342.100341796875,"y":2237.79541015625,"z":4314.10791015625},"rotation":{"x":0.08262582123279572,"y":0.04719066247344017,"z":-0.0039010068867355587,"w":0.9954931735992432},"size":2734.51904296875,"orthographic":false}